{
  "hit@1": 0.7463768115942029,
  "pairwise_acc": 0.4780412515785043,
  "n_seeds": 64,
  "n_problems": 167
}