{
  "task": "checkpoint_ranking",
  "method_name": "es_svd_math_rr_r1__math5000rl_slot100_meanconf",
  "scores": {
    "base": 21.899924284645248,
    "step-100": 23.58610001824554,
    "step-200": 23.72032242958915,
    "step-300": 23.99024068465277,
    "step-400": 24.479606589778214,
    "step-500": 24.774350917300726,
    "step-600": 25.20152741050847,
    "step-700": 25.797657584354248,
    "step-800": 25.97095571515018,
    "step-900": 26.391530302570708,
    "step-1000": 26.286716497421665
  }
}