{
  "task": "checkpoint_ranking",
  "method_name": "earlystop_svd_lowrank_lr_v1__math5000rl_slot100_meanconf",
  "scores": {
    "base": 0.09960754997829349,
    "step-100": 2.903935926979676,
    "step-200": 2.8758018351548524,
    "step-300": 3.125956678283375,
    "step-400": 3.3337876312443346,
    "step-500": 3.307240038050378,
    "step-600": 3.6246164188405463,
    "step-700": 4.15347152216004,
    "step-800": 4.411157667874647,
    "step-900": 4.607677290041932,
    "step-1000": 4.517544653679324
  }
}