{
  "config": {
    "datasets": "aime24,aime25,brumo25,gpqa,hmmt25,livecodebench_v5",
    "cache_root": "MUI_HUB/cache",
    "train_extra_cache_root": "",
    "val_cache_root": "/home/jovyan/public-ro/MUI_HUB/cache_train",
    "val_split": 0.2,
    "split_seed": 42,
    "reflection_threshold": "0.30",
    "num_tuples": 256,
    "num_tuples_val": 1024,
    "workers": 16,
    "seed": 42,
    "beta_grid": [
      0.25,
      0.35,
      0.5
    ],
    "gamma_grid": [
      -0.25,
      -0.5,
      -1.0
    ]
  },
  "runs": [
    {
      "name": "baseline8_pointwise",
      "objective": "pointwise",
      "tuple_size": 8,
      "tuple_rule": "blind",
      "alpha": 1.0,
      "beta": 0.35,
      "gamma": -0.5,
      "best_hit1": 0.6911764705882353,
      "best_hit3": 0.9705882352941176,
      "best_pairwise": 0.7458783584762909,
      "best_selacc10": 0.7599304365359412,
      "mix_selacc10": 0.7599304365359412,
      "all_best_selacc10": 0.8329326923076924,
      "stats_path": "results/extreme12_band_experiments/20260403_085255/models/baseline8_pointwise_stats.json",
      "log_path": "results/extreme12_band_experiments/20260403_085255/baseline8_pointwise.log",
      "passes_guardrails": false,
      "recommended": false
    },
    {
      "name": "baseline12_pointwise",
      "objective": "pointwise",
      "tuple_size": 12,
      "tuple_rule": "2-10",
      "alpha": 1.0,
      "beta": 0.35,
      "gamma": -0.5,
      "best_hit1": 0.6764705882352942,
      "best_hit3": 0.9705882352941176,
      "best_pairwise": 0.7454470005351091,
      "best_selacc10": 0.7599304365359412,
      "mix_selacc10": 0.7599304365359412,
      "all_best_selacc10": 0.8358623798076924,
      "stats_path": "results/extreme12_band_experiments/20260403_085255/models/baseline12_pointwise_stats.json",
      "log_path": "results/extreme12_band_experiments/20260403_085255/baseline12_pointwise.log",
      "passes_guardrails": false,
      "recommended": true
    },
    {
      "name": "band12_b025_g025m",
      "objective": "band_reward",
      "tuple_size": 12,
      "tuple_rule": "2-10",
      "alpha": 1.0,
      "beta": 0.25,
      "gamma": -0.25,
      "best_hit1": 0.6911764705882353,
      "best_hit3": 0.9852941176470589,
      "best_pairwise": 0.7421914445797654,
      "best_selacc10": 0.7288033067849582,
      "mix_selacc10": 0.7288033067849582,
      "all_best_selacc10": 0.8082682291666666,
      "stats_path": "results/extreme12_band_experiments/20260403_085255/models/band12_b025_g025m_stats.json",
      "log_path": "results/extreme12_band_experiments/20260403_085255/band12_b025_g025m.log",
      "passes_guardrails": true,
      "recommended": false
    },
    {
      "name": "band12_b025_g050m",
      "objective": "band_reward",
      "tuple_size": 12,
      "tuple_rule": "2-10",
      "alpha": 1.0,
      "beta": 0.25,
      "gamma": -0.5,
      "best_hit1": 0.6911764705882353,
      "best_hit3": 0.9852941176470589,
      "best_pairwise": 0.7423539196067861,
      "best_selacc10": 0.7265097288033068,
      "mix_selacc10": 0.7265097288033068,
      "all_best_selacc10": 0.8092447916666666,
      "stats_path": "results/extreme12_band_experiments/20260403_085255/models/band12_b025_g050m_stats.json",
      "log_path": "results/extreme12_band_experiments/20260403_085255/band12_b025_g050m.log",
      "passes_guardrails": true,
      "recommended": false
    },
    {
      "name": "band12_b025_g100m",
      "objective": "band_reward",
      "tuple_size": 12,
      "tuple_rule": "2-10",
      "alpha": 1.0,
      "beta": 0.25,
      "gamma": -1.0,
      "best_hit1": 0.7058823529411764,
      "best_hit3": 0.9852941176470589,
      "best_pairwise": 0.7420305567964166,
      "best_selacc10": 0.7242161508216554,
      "mix_selacc10": 0.7242161508216554,
      "all_best_selacc10": 0.7925180288461539,
      "stats_path": "results/extreme12_band_experiments/20260403_085255/models/band12_b025_g100m_stats.json",
      "log_path": "results/extreme12_band_experiments/20260403_085255/band12_b025_g100m.log",
      "passes_guardrails": true,
      "recommended": false
    },
    {
      "name": "band12_b035_g025m",
      "objective": "band_reward",
      "tuple_size": 12,
      "tuple_rule": "2-10",
      "alpha": 1.0,
      "beta": 0.35,
      "gamma": -0.25,
      "best_hit1": 0.6911764705882353,
      "best_hit3": 0.9852941176470589,
      "best_pairwise": 0.7423539196067861,
      "best_selacc10": 0.7265097288033068,
      "mix_selacc10": 0.7265097288033068,
      "all_best_selacc10": 0.8092447916666666,
      "stats_path": "results/extreme12_band_experiments/20260403_085255/models/band12_b035_g025m_stats.json",
      "log_path": "results/extreme12_band_experiments/20260403_085255/band12_b035_g025m.log",
      "passes_guardrails": true,
      "recommended": false
    },
    {
      "name": "band12_b035_g050m",
      "objective": "band_reward",
      "tuple_size": 12,
      "tuple_rule": "2-10",
      "alpha": 1.0,
      "beta": 0.35,
      "gamma": -0.5,
      "best_hit1": 0.6911764705882353,
      "best_hit3": 0.9852941176470589,
      "best_pairwise": 0.7423539196067861,
      "best_selacc10": 0.7265097288033068,
      "mix_selacc10": 0.7265097288033068,
      "all_best_selacc10": 0.8092447916666666,
      "stats_path": "results/extreme12_band_experiments/20260403_085255/models/band12_b035_g050m_stats.json",
      "log_path": "results/extreme12_band_experiments/20260403_085255/band12_b035_g050m.log",
      "passes_guardrails": true,
      "recommended": false
    },
    {
      "name": "band12_b035_g100m",
      "objective": "band_reward",
      "tuple_size": 12,
      "tuple_rule": "2-10",
      "alpha": 1.0,
      "beta": 0.35,
      "gamma": -1.0,
      "best_hit1": 0.7058823529411764,
      "best_hit3": 0.9852941176470589,
      "best_pairwise": 0.7420305567964166,
      "best_selacc10": 0.7242161508216554,
      "mix_selacc10": 0.7242161508216554,
      "all_best_selacc10": 0.7925180288461539,
      "stats_path": "results/extreme12_band_experiments/20260403_085255/models/band12_b035_g100m_stats.json",
      "log_path": "results/extreme12_band_experiments/20260403_085255/band12_b035_g100m.log",
      "passes_guardrails": true,
      "recommended": false
    },
    {
      "name": "band12_b050_g025m",
      "objective": "band_reward",
      "tuple_size": 12,
      "tuple_rule": "2-10",
      "alpha": 1.0,
      "beta": 0.5,
      "gamma": -0.25,
      "best_hit1": 0.6911764705882353,
      "best_hit3": 0.9852941176470589,
      "best_pairwise": 0.7423539196067861,
      "best_selacc10": 0.7265097288033068,
      "mix_selacc10": 0.7265097288033068,
      "all_best_selacc10": 0.8092447916666666,
      "stats_path": "results/extreme12_band_experiments/20260403_085255/models/band12_b050_g025m_stats.json",
      "log_path": "results/extreme12_band_experiments/20260403_085255/band12_b050_g025m.log",
      "passes_guardrails": true,
      "recommended": false
    },
    {
      "name": "band12_b050_g050m",
      "objective": "band_reward",
      "tuple_size": 12,
      "tuple_rule": "2-10",
      "alpha": 1.0,
      "beta": 0.5,
      "gamma": -0.5,
      "best_hit1": 0.7058823529411764,
      "best_hit3": 0.9852941176470589,
      "best_pairwise": 0.7420305567964166,
      "best_selacc10": 0.7242161508216554,
      "mix_selacc10": 0.7242161508216554,
      "all_best_selacc10": 0.7925180288461539,
      "stats_path": "results/extreme12_band_experiments/20260403_085255/models/band12_b050_g050m_stats.json",
      "log_path": "results/extreme12_band_experiments/20260403_085255/band12_b050_g050m.log",
      "passes_guardrails": true,
      "recommended": false
    },
    {
      "name": "band12_b050_g100m",
      "objective": "band_reward",
      "tuple_size": 12,
      "tuple_rule": "2-10",
      "alpha": 1.0,
      "beta": 0.5,
      "gamma": -1.0,
      "best_hit1": 0.7058823529411764,
      "best_hit3": 0.9852941176470589,
      "best_pairwise": 0.7420305567964166,