{
  "n_samples": 31040,
  "n_correct": 18873,
  "pct_correct": 60.80219072164949,
  "datasets": [
    "aime24",
    "aime25",
    "brumo25",
    "gpqa",
    "hmmt25",
    "livecodebench_v5"
  ],
  "feature_names": [
    "mean_dist_z",
    "mean_dist_r",
    "knn3_z",
    "knn3_r",
    "length_z",
    "length_r",
    "dc_z",
    "dc_r",
    "copeland_z",
    "copeland_r",
    "log_n",
    "log_length"
  ],
  "feature_means": [
    -1.5927336096059117e-08,
    0.5,
    1.7526072231518257e-18,
    0.5,
    -1.3412810381263973e-18,
    0.49999999999999994,
    -1.724958950019247e-16,
    0.5,
    1.5988069974466654e-18,
    0.5,
    4.158883083361398,
    9.568397423909575
  ],
  "feature_stds": [
    0.9999999985121705,
    0.2932214793954316,
    0.9999999999999971,
    0.29322147939543164,
    1.0000000000000004,
    0.29322147939543164,
    0.9999999999999987,
    0.2932214793954316,
    0.9999999999999987,
    0.29322147939543164,
    1.7266188478970435e-12,
    0.6828417112156561
  ],
  "logistic_coefs": [
    0.01776767640840444,
    0.09289816080572692,
    0.09390939970259078,
    -0.03094477515213837,
    0.005082523763373385,
    0.04513265714645469,
    -0.020332669821505667,
    0.010121187304332964,
    -0.018288617678399663,
    -0.00552018781033177,
    -2.3405961305020954e-14,
    -0.33252131524036327
  ],
  "ridge_coefs": [
    0.004089018599679415,
    0.02340656437651969,
    0.02206416904261816,
    -0.007438024048698541,
    0.001123763469189234,
    0.010598247183712222,
    -0.004851691088597355,
    0.0023461445204923537,
    -0.029785491141375554,
    0.022410325968609236,
    0.0,
    -0.0768751449445817
  ]
}