{
  "n_samples": 31040,
  "n_correct": 18873,
  "pct_correct": 60.80219072164949,
  "n_features": 22,
  "feature_names": [
    "mean_dist_z",
    "mean_dist_r",
    "knn3_z",
    "knn3_r",
    "length_z",
    "length_r",
    "dc_z",
    "dc_r",
    "copeland_z",
    "copeland_r",
    "log_n",
    "log_length",
    "mean_continuity",
    "mean_novelty",
    "max_reflection",
    "reflection_count_r",
    "late_convergence",
    "deep_shallow_ratio_z",
    "layer_entropy",
    "layer_gini",
    "deep_frac_z",
    "n_active_layers_z"
  ],
  "feature_means": [
    -1.5927336096059117e-08,
    0.5,
    1.7526072231518257e-18,
    0.5,
    -1.3412810381263973e-18,
    0.49999999999999994,
    -1.724958950019247e-16,
    0.5,
    1.5988069974466654e-18,
    0.5,
    4.158883083361398,
    9.568397423909575,
    0.1694150355431185,
    0.7049991319182585,
    0.6509754802877645,
    0.5,
    0.40750644329896907,
    -5.075407448270287e-18,
    0.8901988000156188,
    0.4296170354760375,
    3.2006989412810215e-17,
    1.0871529907693825e-17
  ],
  "feature_stds": [
    0.9999999985121705,
    0.2932214793954316,
    0.9999999999999971,
    0.29322147939543164,
    1.0000000000000004,
    0.29322147939543164,
    0.9999999999999987,
    0.2932214793954316,
    0.9999999999999987,
    0.29322147939543164,
    1.7266188478970435e-12,
    0.6828417112156561,
    0.04815068744529606,
    0.04653061183984255,
    0.085771977476099,
    0.29322147939543164,
    0.49137047323661726,
    1.0000000000000033,
    0.06574538995946677,
    0.12314536441243025,
    1.000000000000001,
    0.799484369910961
  ],
  "logistic_coefs": [
    -0.020325299652534844,
    -0.014875495604929267,
    0.08155173513208433,
    -0.047335000698083884,
    0.14356503624430858,
    -0.0498148924256977,
    -0.026097213814846615,
    0.002205776473834264,
    0.034185709604021605,
    0.04293373349040911,
    -1.2378664643539796e-13,
    0.4787891383323978,
    1.9306031530755041,
    1.2790334778827253,
    0.13116967382867087,
    -0.0007068989366817706,
    -0.024354869003669278,
    0.06492539158160895,
    0.08145448294805722,
    0.39010434451649617,
    -0.03626343787665089,
    0.021557965082706534
  ],
  "datasets": [
    "aime24",
    "aime25",
    "brumo25",
    "gpqa",
    "hmmt25",
    "livecodebench_v5"
  ]
}