{
  "task": "checkpoint_ranking",
  "method_name": "es_svd_math_rr_r2__math5000rl_slot100_meanconf",
  "scores": {
    "base": 24.488392712632823,
    "step-100": 26.159492143839447,
    "step-200": 26.28921109692842,
    "step-300": 26.56427112267681,
    "step-400": 27.057431997697318,
    "step-500": 27.359976323866434,
    "step-600": 27.79470513013424,
    "step-700": 28.401232351819516,
    "step-800": 28.581035683995815,
    "step-900": 29.00263720787757,
    "step-1000": 28.902473910628242
  }
}