{
  "trajectory": {
    "per_dataset": {
      "aime24": 0.6666666666666666,
      "aime25": 0.6,
      "brumo25": 0.6666666666666666,
      "gpqa": 0.6464646464646465,
      "hmmt25": 0.36666666666666664,
      "livecodebench_v5": 0.5748502994011976
    },
    "mean": 0.586885824310974
  },
  "layer-stratified": {
    "per_dataset": {
      "aime24": 0.8333333333333334,
      "aime25": 0.7333333333333333,
      "brumo25": 0.8,
      "gpqa": 0.6363636363636364,
      "hmmt25": 0.5666666666666667,
      "livecodebench_v5": 0.592814371257485
    },
    "mean": 0.6937518901590757
  }
}