{
  "feature_names": [
    "dc_z",
    "dc_r",
    "reflection_count_r"
  ],
  "objective": "band_reward",
  "artifact_prefix": "band12_b035_g025m",
  "reflection_threshold": 0.3,
  "tuple_size": 12,
  "num_tuples_per_problem": 256,
  "num_tuples_validation": 1024,
  "tuple_min_correct": 2,
  "tuple_max_correct": 10,
  "seed": 42,
  "workers": 16,
  "datasets": [
    "aime24",
    "aime25",
    "brumo25",
    "gpqa",
    "hmmt25",
    "livecodebench_v5"
  ],
  "split_seed": 42,
  "val_split": 0.2,
  "alpha": 1.0,
  "beta": 0.35,
  "gamma": -0.25,
  "problem_counts": {
    "train": {
      "train_full": {
        "aime24": 10,
        "aime25": 10,
        "brumo25": 9,
        "gpqa": 96,
        "hmmt25": 12,
        "livecodebench_v5": 51
      },
      "train_split": {
        "aime25": 11,
        "brumo25": 10,
        "gpqa": 59,
        "hmmt25": 8
      },
      "val_eligible": {
        "aime25": 1,
        "brumo25": 1,
        "gpqa": 17,
        "hmmt25": 2
      },
      "val_all": {
        "aime25": 6,
        "brumo25": 6,
        "gpqa": 40,
        "hmmt25": 6
      }
    },
    "train_total": 276,
    "val_total": 58,
    "val_eligible_total": 21
  },
  "worker_buckets": {
    "train": [
      18,
      18,
      18,
      18,
      17,
      17,
      17,
      17,
      17,
      17,
      17,
      17,
      17,
      17,
      17,
      17
    ],
    "validation": [
      4,
      4,
      4,
      4,
      4,
      4,
      4,
      4,
      4,
      4,
      3,
      3,
      3,
      3,
      3,
      3
    ]
  },
  "objective_stats": {
    "seed_logistic_direction": [
      -0.01088030667114558,
      -0.11070237078792007,
      -0.9937940450760789
    ],
    "n_training_tuples": 70656,
    "training_mean_band_reward": 0.6204959710899759,
    "search_candidates_evaluated": 120,
    "linear_weights": [
      0.03318194109803312,
      -0.04561846597763704,
      -0.9984076894469582
    ]
  },
  "validation": {
    "eligible": {
      "mean": {
        "best_only": {
          "auroc": 0.7148774066896558,
          "hit_at_1": 0.6911764705882353,
          "hit_at_3": 0.9852941176470589,
          "selective_acc_at_10pct": 0.7265097288033068,
          "pairwise_accuracy": 0.7423539196067861
        },
        "mix": {
          "auroc": 0.7148774066896558,
          "hit_at_1": 0.6911764705882353,
          "hit_at_3": 0.9852941176470589,
          "selective_acc_at_10pct": 0.7265097288033068,
          "pairwise_accuracy": 0.7423539196067861
        }
      },
      "per_dataset": {
        "aime25": {
          "best_only": {
            "auroc": 0.6689536878216124,
            "hit_at_1": 0.0,
            "hit_at_3": 1.0,
            "selective_acc_at_10pct": 0.2857142857142857,
            "pairwise_accuracy": 0.6689536878216124,
            "n_problems": 1,
            "n_samples": 64,
            "n_positive": 11,
            "n_negative": 53
          },
          "mix": {
            "auroc": 0.6689536878216124,
            "hit_at_1": 0.0,
            "hit_at_3": 1.0,
            "selective_acc_at_10pct": 0.2857142857142857,
            "pairwise_accuracy": 0.6689536878216124,
            "n_problems": 1,
            "n_samples": 64,
            "n_positive": 11,
            "n_negative": 53
          }
        },
        "brumo25": {
          "best_only": {
            "auroc": 0.7932692307692308,
            "hit_at_1": 1.0,
            "hit_at_3": 1.0,
            "selective_acc_at_10pct": 1.0,
            "pairwise_accuracy": 0.7932692307692307,
            "n_problems": 1,
            "n_samples": 64,
            "n_positive": 52,
            "n_negative": 12
          },
          "mix": {
            "auroc": 0.7932692307692308,
            "hit_at_1": 1.0,
            "hit_at_3": 1.0,
            "selective_acc_at_10pct": 1.0,
            "pairwise_accuracy": 0.7932692307692307,
            "n_problems": 1,
            "n_samples": 64,
            "n_positive": 52,
            "n_negative": 12
          }
        },
        "gpqa": {
          "best_only": {
            "auroc": 0.5951683924870779,
            "hit_at_1": 0.7647058823529411,
            "hit_at_3": 0.9411764705882353,
            "selective_acc_at_10pct": 0.6972477064220184,
            "pairwise_accuracy": 0.6154435849188097,
            "n_problems": 17,
            "n_samples": 1088,
            "n_positive": 621,
            "n_negative": 467
          },
          "mix": {
            "auroc": 0.5951683924870779,
            "hit_at_1": 0.7647058823529411,
            "hit_at_3": 0.9411764705882353,
            "selective_acc_at_10pct": 0.6972477064220184,
            "pairwise_accuracy": 0.6154435849188097,
            "n_problems": 17,
            "n_samples": 1088,
            "n_positive": 621,
            "n_negative": 467
          }
        },
        "hmmt25": {
          "best_only": {
            "auroc": 0.8021183156807027,
            "hit_at_1": 1.0,
            "hit_at_3": 1.0,
            "selective_acc_at_10pct": 0.9230769230769231,
            "pairwise_accuracy": 0.8917491749174917,
            "n_problems": 2,
            "n_samples": 128,
            "n_positive": 79,
            "n_negative": 49
          },
          "mix": {
            "auroc": 0.8021183156807027,
            "hit_at_1": 1.0,
            "hit_at_3": 1.0,
            "selective_acc_at_10pct": 0.9230769230769231,
            "pairwise_accuracy": 0.8917491749174917,
            "n_problems": 2,
            "n_samples": 128,
            "n_positive": 79,
            "n_negative": 49
          }
        }
      },
      "n_bundles": 4,
      "n_problems": 21
    },
    "all": {
      "mean": {
        "best_only": {
          "auroc": 0.6339659822512262,
          "hit_at_1": 0.8104166666666667,
          "hit_at_3": 0.8770833333333333,
          "selective_acc_at_10pct": 0.8092447916666666,
          "pairwise_accuracy": 0.7720658345649987
        },
        "mix": {
          "auroc": 0.6339659822512262,
          "hit_at_1": 0.8104166666666667,
          "hit_at_3": 0.8770833333333333,
          "selective_acc_at_10pct": 0.8092447916666666,
          "pairwise_accuracy": 0.7720658345649987
        }
      },
      "per_dataset": {
        "aime25": {
          "best_only": {
            "auroc": 0.5652663769515532,
            "hit_at_1": 0.8333333333333334,
            "hit_at_3": 1.0,
            "selective_acc_at_10pct": 0.8717948717948718,
            "pairwise_accuracy": 0.7454981992797118,
            "n_problems": 6,
            "n_samples": 384,
            "n_positive": 327,
            "n_negative": 57
          },
          "mix": {
            "auroc": 0.5652663769515532,
            "hit_at_1": 0.8333333333333334,
            "hit_at_3": 1.0,
            "selective_acc_at_10pct": 0.8717948717948718,
            "pairwise_accuracy": 0.7454981992797118,
            "n_problems": 6,
            "n_samples": 384,
            "n_positive": 327,
            "n_negative": 57
          }
        },
        "brumo25": {
          "best_only": {
            "auroc": 0.8119035660472124,
            "hit_at_1": 1.0,
            "hit_at_3": 1.0,
            "selective_acc_at_10pct": 1.0,
            "pairwise_accuracy": 0.8358085808580858,
            "n_problems": 6,
            "n_samples": 384,
            "n_positive": 362,
            "n_negative": 22
          },
          "mix": {
            "auroc": 0.8119035660472124,
            "hit_at_1": 1.0,
            "hit_at_3": 1.0,
            "selective_acc_at_10pct": 1.0,
            "pairwise_accuracy": 0.8358085808580858,
            "n_problems": 6,
            "n_samples": 384,
            "n_positive": 362,
            "n_negative": 22
          }
        },
        "gpqa": {
          "best_only": {
            "auroc": 0.544057928141136,
            "hit_at_1": 0.575,
            "hit_at_3": 0.675,
            "selective_acc_at_10pct": 0.5703125,