{
  "feature_names": [
    "dc_z",
    "dc_r",
    "reflection_count_r"
  ],
  "objective": "band_reward",
  "artifact_prefix": "band12_b025_g025m",
  "reflection_threshold": 0.3,
  "tuple_size": 12,
  "num_tuples_per_problem": 256,
  "num_tuples_validation": 1024,
  "tuple_min_correct": 2,
  "tuple_max_correct": 10,
  "seed": 42,
  "workers": 16,
  "datasets": [
    "aime24",
    "aime25",
    "brumo25",
    "gpqa",
    "hmmt25",
    "livecodebench_v5"
  ],
  "split_seed": 42,
  "val_split": 0.2,
  "alpha": 1.0,
  "beta": 0.25,
  "gamma": -0.25,
  "problem_counts": {
    "train": {
      "train_full": {
        "aime24": 10,
        "aime25": 10,
        "brumo25": 9,
        "gpqa": 96,
        "hmmt25": 12,
        "livecodebench_v5": 51
      },
      "train_split": {
        "aime25": 11,
        "brumo25": 10,
        "gpqa": 59,
        "hmmt25": 8
      },
      "val_eligible": {
        "aime25": 1,
        "brumo25": 1,
        "gpqa": 17,
        "hmmt25": 2
      },
      "val_all": {
        "aime25": 6,
        "brumo25": 6,
        "gpqa": 40,
        "hmmt25": 6
      }
    },
    "train_total": 276,
    "val_total": 58,
    "val_eligible_total": 21
  },
  "worker_buckets": {
    "train": [
      18,
      18,
      18,
      18,
      17,
      17,
      17,
      17,
      17,
      17,
      17,
      17,
      17,
      17,
      17,
      17
    ],
    "validation": [
      4,
      4,
      4,
      4,
      4,
      4,
      4,
      4,
      4,
      4,
      3,
      3,
      3,
      3,
      3,
      3
    ]
  },
  "objective_stats": {
    "seed_logistic_direction": [
      -0.01088030667114558,
      -0.11070237078792007,
      -0.9937940450760789
    ],
    "n_training_tuples": 70656,
    "training_mean_band_reward": 0.6219568519776569,
    "search_candidates_evaluated": 120,
    "linear_weights": [
      -0.014445088638898021,
      0.1171377303335648,
      -0.9930106200572658
    ]
  },
  "validation": {
    "eligible": {
      "mean": {
        "best_only": {
          "auroc": 0.7148555833374347,
          "hit_at_1": 0.6911764705882353,
          "hit_at_3": 0.9852941176470589,
          "selective_acc_at_10pct": 0.7288033067849582,
          "pairwise_accuracy": 0.7421914445797654
        },
        "mix": {
          "auroc": 0.7148555833374347,
          "hit_at_1": 0.6911764705882353,
          "hit_at_3": 0.9852941176470589,
          "selective_acc_at_10pct": 0.7288033067849582,
          "pairwise_accuracy": 0.7421914445797654
        }
      },
      "per_dataset": {
        "aime25": {
          "best_only": {
            "auroc": 0.6706689536878216,
            "hit_at_1": 0.0,
            "hit_at_3": 1.0,
            "selective_acc_at_10pct": 0.2857142857142857,
            "pairwise_accuracy": 0.6706689536878216,
            "n_problems": 1,
            "n_samples": 64,
            "n_positive": 11,
            "n_negative": 53
          },
          "mix": {
            "auroc": 0.6706689536878216,
            "hit_at_1": 0.0,
            "hit_at_3": 1.0,
            "selective_acc_at_10pct": 0.2857142857142857,
            "pairwise_accuracy": 0.6706689536878216,
            "n_problems": 1,
            "n_samples": 64,
            "n_positive": 11,
            "n_negative": 53
          }
        },
        "brumo25": {
          "best_only": {
            "auroc": 0.7916666666666667,
            "hit_at_1": 1.0,
            "hit_at_3": 1.0,
            "selective_acc_at_10pct": 1.0,
            "pairwise_accuracy": 0.7916666666666666,
            "n_problems": 1,
            "n_samples": 64,
            "n_positive": 52,
            "n_negative": 12
          },
          "mix": {
            "auroc": 0.7916666666666667,
            "hit_at_1": 1.0,
            "hit_at_3": 1.0,
            "selective_acc_at_10pct": 1.0,
            "pairwise_accuracy": 0.7916666666666666,
            "n_problems": 1,
            "n_samples": 64,
            "n_positive": 52,
            "n_negative": 12
          }
        },
        "gpqa": {
          "best_only": {
            "auroc": 0.5949683973145476,
            "hit_at_1": 0.7647058823529411,
            "hit_at_3": 0.9411764705882353,
            "selective_acc_at_10pct": 0.7064220183486238,
            "pairwise_accuracy": 0.616001115060283,
            "n_problems": 17,
            "n_samples": 1088,
            "n_positive": 621,
            "n_negative": 467
          },
          "mix": {
            "auroc": 0.5949683973145476,
            "hit_at_1": 0.7647058823529411,
            "hit_at_3": 0.9411764705882353,
            "selective_acc_at_10pct": 0.7064220183486238,
            "pairwise_accuracy": 0.616001115060283,
            "n_problems": 17,
            "n_samples": 1088,
            "n_positive": 621,
            "n_negative": 467
          }
        },
        "hmmt25": {
          "best_only": {
            "auroc": 0.8021183156807027,
            "hit_at_1": 1.0,
            "hit_at_3": 1.0,
            "selective_acc_at_10pct": 0.9230769230769231,
            "pairwise_accuracy": 0.8904290429042905,
            "n_problems": 2,
            "n_samples": 128,
            "n_positive": 79,
            "n_negative": 49
          },
          "mix": {
            "auroc": 0.8021183156807027,
            "hit_at_1": 1.0,
            "hit_at_3": 1.0,
            "selective_acc_at_10pct": 0.9230769230769231,
            "pairwise_accuracy": 0.8904290429042905,
            "n_problems": 2,
            "n_samples": 128,
            "n_positive": 79,
            "n_negative": 49
          }
        }
      },
      "n_bundles": 4,
      "n_problems": 21
    },
    "all": {
      "mean": {
        "best_only": {
          "auroc": 0.6344691534509738,
          "hit_at_1": 0.8166666666666668,
          "hit_at_3": 0.8770833333333333,
          "selective_acc_at_10pct": 0.8082682291666666,
          "pairwise_accuracy": 0.7721685527613251
        },
        "mix": {
          "auroc": 0.6344691534509738,
          "hit_at_1": 0.8166666666666668,
          "hit_at_3": 0.8770833333333333,
          "selective_acc_at_10pct": 0.8082682291666666,
          "pairwise_accuracy": 0.7721685527613251
        }
      },
      "per_dataset": {
        "aime25": {
          "best_only": {
            "auroc": 0.5666076506250335,
            "hit_at_1": 0.8333333333333334,
            "hit_at_3": 1.0,
            "selective_acc_at_10pct": 0.8717948717948718,
            "pairwise_accuracy": 0.7478991596638656,
            "n_problems": 6,
            "n_samples": 384,
            "n_positive": 327,
            "n_negative": 57
          },
          "mix": {
            "auroc": 0.5666076506250335,
            "hit_at_1": 0.8333333333333334,
            "hit_at_3": 1.0,
            "selective_acc_at_10pct": 0.8717948717948718,
            "pairwise_accuracy": 0.7478991596638656,
            "n_problems": 6,
            "n_samples": 384,
            "n_positive": 327,
            "n_negative": 57
          }
        },
        "brumo25": {
          "best_only": {
            "auroc": 0.8127825213460572,
            "hit_at_1": 1.0,
            "hit_at_3": 1.0,
            "selective_acc_at_10pct": 1.0,
            "pairwise_accuracy": 0.8341584158415841,
            "n_problems": 6,
            "n_samples": 384,
            "n_positive": 362,
            "n_negative": 22
          },
          "mix": {
            "auroc": 0.8127825213460572,
            "hit_at_1": 1.0,
            "hit_at_3": 1.0,
            "selective_acc_at_10pct": 1.0,
            "pairwise_accuracy": 0.8341584158415841,
            "n_problems": 6,
            "n_samples": 384,
            "n_positive": 362,
            "n_negative": 22
          }
        },
        "gpqa": {
          "best_only": {
            "auroc": 0.5440463151306525,
            "hit_at_1": 0.6,
            "hit_at_3": 0.675,
            "selective_acc_at_10pct": 0.56640625,