{
  "feature_names": [
    "dc_z",
    "dc_r",
    "reflection_count_r"
  ],
  "objective": "pointwise",
  "artifact_prefix": "baseline12_pointwise",
  "reflection_threshold": 0.3,
  "tuple_size": 12,
  "num_tuples_per_problem": 256,
  "num_tuples_validation": 1024,
  "tuple_min_correct": 2,
  "tuple_max_correct": 10,
  "seed": 42,
  "workers": 16,
  "datasets": [
    "aime24",
    "aime25",
    "brumo25",
    "gpqa",
    "hmmt25",
    "livecodebench_v5"
  ],
  "split_seed": 42,
  "val_split": 0.2,
  "alpha": 1.0,
  "beta": 0.35,
  "gamma": -0.5,
  "problem_counts": {
    "train": {
      "train_full": {
        "aime24": 10,
        "aime25": 10,
        "brumo25": 9,
        "gpqa": 96,
        "hmmt25": 12,
        "livecodebench_v5": 51
      },
      "train_split": {
        "aime25": 11,
        "brumo25": 10,
        "gpqa": 59,
        "hmmt25": 8
      },
      "val_eligible": {
        "aime25": 1,
        "brumo25": 1,
        "gpqa": 17,
        "hmmt25": 2
      },
      "val_all": {
        "aime25": 6,
        "brumo25": 6,
        "gpqa": 40,
        "hmmt25": 6
      }
    },
    "train_total": 276,
    "val_total": 58,
    "val_eligible_total": 21
  },
  "worker_buckets": {
    "train": [
      18,
      18,
      18,
      18,
      17,
      17,
      17,
      17,
      17,
      17,
      17,
      17,
      17,
      17,
      17,
      17
    ],
    "validation": [
      4,
      4,
      4,
      4,
      4,
      4,
      4,
      4,
      4,
      4,
      3,
      3,
      3,
      3,
      3,
      3
    ]
  },
  "objective_stats": {
    "best_training_tuple_accuracy": 0.6362658514492754,
    "worst_training_error_hit": 0.6172582653985508,
    "n_training_tuples": 70656,
    "best_positive_rate": 0.5336371527777778,
    "worst_positive_rate": 0.4663628472222222
  },
  "validation": {
    "eligible": {
      "mean": {
        "best_only": {
          "auroc": 0.7211798993984451,
          "hit_at_1": 0.6764705882352942,
          "hit_at_3": 0.9705882352941176,
          "selective_acc_at_10pct": 0.7599304365359412,
          "pairwise_accuracy": 0.7454470005351091
        },
        "mix": {
          "auroc": 0.7211798993984451,
          "hit_at_1": 0.6764705882352942,
          "hit_at_3": 0.9705882352941176,
          "selective_acc_at_10pct": 0.7599304365359412,
          "pairwise_accuracy": 0.7454470005351091
        }
      },
      "per_dataset": {
        "aime25": {
          "best_only": {
            "auroc": 0.6826758147512864,
            "hit_at_1": 0.0,
            "hit_at_3": 1.0,
            "selective_acc_at_10pct": 0.42857142857142855,
            "pairwise_accuracy": 0.6826758147512865,
            "n_problems": 1,
            "n_samples": 64,
            "n_positive": 11,
            "n_negative": 53
          },
          "mix": {
            "auroc": 0.6826758147512864,
            "hit_at_1": 0.0,
            "hit_at_3": 1.0,
            "selective_acc_at_10pct": 0.42857142857142855,
            "pairwise_accuracy": 0.6826758147512865,
            "n_problems": 1,
            "n_samples": 64,
            "n_positive": 11,
            "n_negative": 53
          }
        },
        "brumo25": {
          "best_only": {
            "auroc": 0.782051282051282,
            "hit_at_1": 1.0,
            "hit_at_3": 1.0,
            "selective_acc_at_10pct": 1.0,
            "pairwise_accuracy": 0.782051282051282,
            "n_problems": 1,
            "n_samples": 64,
            "n_positive": 52,
            "n_negative": 12
          },
          "mix": {
            "auroc": 0.782051282051282,
            "hit_at_1": 1.0,
            "hit_at_3": 1.0,
            "selective_acc_at_10pct": 1.0,
            "pairwise_accuracy": 0.782051282051282,
            "n_problems": 1,
            "n_samples": 64,
            "n_positive": 52,
            "n_negative": 12
          }
        },
        "gpqa": {
          "best_only": {
            "auroc": 0.5984993465674966,
            "hit_at_1": 0.7058823529411765,
            "hit_at_3": 0.8823529411764706,
            "selective_acc_at_10pct": 0.6880733944954128,
            "pairwise_accuracy": 0.6160708063279671,
            "n_problems": 17,
            "n_samples": 1088,
            "n_positive": 621,
            "n_negative": 467
          },
          "mix": {
            "auroc": 0.5984993465674966,
            "hit_at_1": 0.7058823529411765,
            "hit_at_3": 0.8823529411764706,
            "selective_acc_at_10pct": 0.6880733944954128,
            "pairwise_accuracy": 0.6160708063279671,
            "n_problems": 17,
            "n_samples": 1088,
            "n_positive": 621,
            "n_negative": 467
          }
        },
        "hmmt25": {
          "best_only": {
            "auroc": 0.8214931542237148,
            "hit_at_1": 1.0,
            "hit_at_3": 1.0,
            "selective_acc_at_10pct": 0.9230769230769231,
            "pairwise_accuracy": 0.900990099009901,
            "n_problems": 2,
            "n_samples": 128,
            "n_positive": 79,
            "n_negative": 49
          },
          "mix": {
            "auroc": 0.8214931542237148,
            "hit_at_1": 1.0,
            "hit_at_3": 1.0,
            "selective_acc_at_10pct": 0.9230769230769231,
            "pairwise_accuracy": 0.900990099009901,
            "n_problems": 2,
            "n_samples": 128,
            "n_positive": 79,
            "n_negative": 49
          }
        }
      },
      "n_bundles": 4,
      "n_problems": 21
    },
    "all": {
      "mean": {
        "best_only": {
          "auroc": 0.6340940005856647,
          "hit_at_1": 0.8104166666666667,
          "hit_at_3": 0.8645833333333334,
          "selective_acc_at_10pct": 0.8358623798076924,
          "pairwise_accuracy": 0.777492777025836
        },
        "mix": {
          "auroc": 0.6340940005856647,
          "hit_at_1": 0.8104166666666667,
          "hit_at_3": 0.8645833333333334,
          "selective_acc_at_10pct": 0.8358623798076924,
          "pairwise_accuracy": 0.777492777025836
        }
      },
      "per_dataset": {
        "aime25": {
          "best_only": {
            "auroc": 0.5688073394495413,
            "hit_at_1": 0.8333333333333334,
            "hit_at_3": 1.0,
            "selective_acc_at_10pct": 0.9230769230769231,
            "pairwise_accuracy": 0.7623049219687875,
            "n_problems": 6,
            "n_samples": 384,
            "n_positive": 327,
            "n_negative": 57
          },
          "mix": {
            "auroc": 0.5688073394495413,
            "hit_at_1": 0.8333333333333334,
            "hit_at_3": 1.0,
            "selective_acc_at_10pct": 0.9230769230769231,
            "pairwise_accuracy": 0.7623049219687875,
            "n_problems": 6,
            "n_samples": 384,
            "n_positive": 327,
            "n_negative": 57
          }
        },
        "brumo25": {
          "best_only": {
            "auroc": 0.7993470617780011,
            "hit_at_1": 1.0,
            "hit_at_3": 1.0,
            "selective_acc_at_10pct": 1.0,
            "pairwise_accuracy": 0.8325082508250825,
            "n_problems": 6,
            "n_samples": 384,
            "n_positive": 362,
            "n_negative": 22
          },
          "mix": {
            "auroc": 0.7993470617780011,
            "hit_at_1": 1.0,
            "hit_at_3": 1.0,
            "selective_acc_at_10pct": 1.0,
            "pairwise_accuracy": 0.8325082508250825,
            "n_problems": 6,
            "n_samples": 384,
            "n_positive": 362,
            "n_negative": 22
          }
        },
        "gpqa": {
          "best_only": {
            "auroc": 0.5464667109998436,
            "hit_at_1": 0.575,
            "hit_at_3": 0.625,
            "selective_acc_at_10pct": 0.57421875,
            "pairwise_accuracy": 0.616148034319375,
            "n_problems": 40,
            "n_samples": 2560,
            "n_positive": 1328,